,pH,Temprature,Taste,Odor,Fat ,Turbidity,Colour,Grade
0,6.6,35,1,0,1,0,254,0
1,6.6,36,0,1,0,1,253,0
2,8.5,70,1,1,1,1,246,1
3,9.5,34,1,1,0,1,255,1
4,6.6,37,0,0,0,0,255,2
5,6.6,37,1,1,1,1,255,0
6,5.5,45,1,0,1,1,250,1
7,4.5,60,0,1,1,1,250,1
8,8.1,66,1,0,1,1,255,1
9,6.7,45,1,1,0,0,247,2
10,6.7,45,1,1,1,0,245,2
11,5.6,50,0,1,1,1,255,1
12,8.6,55,0,1,1,1,255,1
13,7.4,90,1,0,1,1,255,1
14,6.8,45,0,1,1,1,255,0
15,6.5,38,1,0,0,0,255,2
16,4.7,38,1,0,1,0,255,1
17,3,40,1,1,1,1,255,1
18,9,43,1,0,1,1,250,1
19,6.8,40,1,0,1,0,245,2
20,6.6,45,0,1,1,1,250,0
21,6.5,36,0,0,1,0,255,2
22,4.5,38,0,1,1,1,255,1
23,6.6,45,1,1,1,1,245,0
24,6.8,35,1,0,1,0,246,2
25,6.5,36,0,1,1,0,253,0
26,8.5,70,0,0,0,0,246,1
27,6.6,34,0,0,0,1,240,2
28,6.5,37,0,0,0,0,245,2
29,6.6,37,1,0,1,0,255,0
30,6.4,45,0,1,0,0,240,2
31,6.5,40,0,1,0,1,250,1
32,6.8,42,1,1,1,1,255,0
33,6.7,41,1,0,0,0,247,2
34,6.7,50,1,1,1,0,245,1
35,6.8,45,0,1,1,1,255,0
36,8.6,55,0,1,0,0,255,1
37,7.4,65,0,0,0,0,255,1
38,6.8,41,0,0,0,0,255,2
39,6.5,38,1,1,1,1,255,0
40,6.8,38,0,0,0,0,255,2
41,3,40,1,0,0,0,255,1
42,9,43,1,1,1,1,248,1
43,6.8,40,1,1,1,1,255,0
44,6.6,45,0,0,0,1,250,2
45,6.5,36,0,0,0,0,247,2
46,6.6,38,0,0,0,0,255,2
47,6.8,45,1,1,1,0,245,0
48,9.5,34,1,1,0,1,255,1
49,6.5,37,0,0,0,0,255,2
50,6.6,37,1,1,1,1,255,0
51,5.5,45,1,0,1,1,250,1
52,4.5,60,0,1,1,1,250,1
53,8.1,66,1,0,1,1,255,1
54,6.7,45,1,1,0,0,247,2
55,6.7,45,1,1,1,0,245,2
56,5.6,50,0,1,1,1,255,1
57,8.6,55,0,1,1,1,255,1
58,7.4,90,1,0,1,1,255,1
59,6.8,45,0,0,1,0,255,2
60,6.5,38,1,0,1,0,255,2
61,6.7,38,1,0,1,0,255,0
62,3,40,1,1,1,1,255,1
63,9,43,1,0,1,1,250,1
64,8.6,55,0,1,1,1,255,1
65,6.8,45,0,0,0,1,255,2
66,6.8,45,0,1,1,1,255,0
67,6.5,38,1,0,0,0,255,2
68,4.7,38,1,0,1,0,255,1
69,3,40,1,1,1,1,255,1
70,9,43,1,0,1,1,250,1
71,6.8,40,1,0,1,0,245,2
72,6.6,45,0,1,1,1,250,0
73,6.5,36,0,0,1,0,255,2
74,4.5,38,0,1,1,1,255,1
75,6.8,45,1,1,1,1,245,0
76,6.5,35,1,0,1,0,246,2
77,6.8,36,0,1,1,0,253,0
78,8.5,70,0,0,0,0,246,1
79,6.8,34,0,0,0,1,240,2
80,6.5,37,0,0,0,0,245,2
81,6.6,37,1,0,1,0,255,0
82,6.8,45,0,1,0,0,240,2
83,7.4,65,0,0,0,0,255,1
84,6.8,41,0,0,1,0,255,2
85,6.5,38,1,1,1,1,255,0
86,6.6,38,0,0,0,0,255,2
87,3,40,1,0,0,0,255,1
88,9,43,1,1,1,1,248,1
89,6.8,40,1,1,1,1,255,0
90,6.6,50,0,0,0,1,250,1
91,6.5,36,0,0,0,0,247,2
92,6.6,50,0,0,0,0,255,1
93,6.8,45,1,1,1,0,245,0
94,9.5,34,1,1,0,1,255,1
95,6.5,37,0,0,0,0,255,2
96,9.5,34,1,1,0,1,255,1
97,6.5,37,0,0,0,0,255,2
98,6.6,37,1,1,1,1,255,0
99,5.5,45,1,0,1,1,250,1
100,4.5,60,0,1,1,1,250,1
101,8.1,66,1,0,1,1,255,1
102,6.7,45,1,1,0,0,247,2
103,6.7,45,1,1,1,0,245,2
104,5.6,50,0,1,1,1,255,1
105,6.6,35,0,1,1,1,255,0
106,7.4,90,1,0,1,1,255,1
107,6.8,50,0,0,1,0,255,1
108,6.5,38,1,0,1,0,255,2
109,6.7,38,1,0,1,0,255,0
110,3,40,1,1,1,1,255,1
111,6.6,43,1,0,1,1,250,0
112,8.6,55,0,1,1,1,255,1
113,6.8,45,0,0,0,1,255,2
114,6.8,45,0,1,1,1,255,0
115,6.5,38,1,0,0,0,255,2
116,6.6,38,1,0,1,0,255,0
117,3,40,1,1,1,1,255,1
118,9,43,1,0,1,1,250,1
119,6.8,40,1,0,1,0,245,2
120,6.6,45,0,0,0,1,250,2
121,6.5,36,0,0,1,0,255,2
122,6.6,38,0,0,1,0,255,2
123,6.8,45,1,1,1,1,245,0
124,6.5,55,1,0,1,0,246,1
125,6.8,36,0,1,1,0,253,0
126,8.5,70,0,0,0,0,246,1
127,6.8,40,1,0,1,0,245,2
128,6.6,45,0,1,1,1,250,0
129,6.5,36,0,0,1,0,255,2
130,4.5,38,0,1,1,1,255,1
131,6.8,45,1,1,1,1,245,0
132,6.5,35,1,0,1,0,246,2
133,6.8,36,0,1,1,0,253,0
134,8.5,70,0,0,0,0,246,1
135,6.8,34,0,0,0,1,240,2
136,6.5,37,0,0,0,0,245,2
137,6.6,37,1,0,1,0,255,0
138,6.8,45,0,1,0,0,240,2
139,7.4,65,0,0,0,0,255,1
140,6.8,41,0,0,1,0,255,2
141,6.5,38,1,1,1,1,255,0
142,6.6,38,0,0,0,0,255,2
143,3,40,1,0,0,0,255,1
144,9,43,1,1,1,1,248,1
145,6.8,40,1,1,1,1,255,0
146,6.6,50,0,0,0,1,250,1
147,6.5,36,0,0,0,0,247,2
148,6.6,50,0,0,0,0,255,1
149,6.8,45,1,1,1,0,245,0
150,9.5,34,1,1,0,1,255,1
151,6.5,37,0,0,0,0,255,2
152,9.5,34,1,1,0,1,255,1
153,6.5,37,0,0,0,0,255,2
154,6.6,37,1,1,1,1,255,0
155,5.5,45,1,0,1,1,250,1
156,4.5,60,0,1,1,1,250,1
157,8.1,66,1,0,1,1,255,1
158,6.7,45,1,1,0,0,247,2
159,6.7,45,1,1,1,0,245,2
160,5.6,50,0,1,1,1,255,1
161,6.6,35,0,1,1,1,255,0
162,7.4,90,1,0,1,1,255,1
163,6.8,50,0,0,1,0,255,1
164,6.5,38,1,0,1,0,255,2
165,6.7,41,1,0,0,0,247,2
166,6.7,50,1,1,1,0,245,1
167,6.8,45,0,1,1,1,255,0
168,8.6,55,0,1,0,0,255,1
169,7.4,65,0,0,0,0,255,1
170,6.8,41,0,0,0,0,255,2
171,6.5,38,1,1,1,1,255,0
172,6.8,38,0,0,0,0,255,2
173,3,40,1,0,0,0,255,1
174,9,43,1,1,1,1,248,1
175,6.8,40,1,1,1,1,255,0
176,6.6,45,0,0,0,1,250,2
177,6.5,36,0,0,0,0,247,2
178,6.6,38,0,0,0,0,255,2
179,6.8,45,1,1,1,0,245,0
180,9.5,34,1,1,0,1,255,1
181,6.5,37,0,0,0,0,255,2
182,6.6,37,1,1,1,1,255,0
183,5.5,45,1,0,1,1,250,1
184,4.5,60,0,1,1,1,250,1
185,8.1,66,1,0,1,1,255,1
186,6.7,45,1,1,0,0,247,2
187,6.7,45,1,1,1,0,245,2
188,5.6,50,0,1,1,1,255,1
189,8.6,55,0,1,1,1,255,1
190,7.4,90,1,0,1,1,255,1
191,6.8,45,0,0,1,0,255,2
192,6.5,38,1,0,1,0,255,2
193,6.7,38,1,0,1,0,255,0
194,3,40,1,1,1,1,255,1
195,9,43,1,0,1,1,250,1
196,8.6,55,0,1,1,1,255,1
197,6.8,45,0,0,0,1,255,2
198,6.8,45,0,1,1,1,255,0
199,6.5,38,1,0,0,0,255,2
200,4.7,38,1,0,1,0,255,1
201,3,40,1,1,1,1,255,1
202,9,43,1,0,1,1,250,1
203,6.8,40,1,0,1,0,245,2
204,6.5,37,0,0,0,0,255,2
205,6.6,37,1,1,1,1,255,0
206,5.5,45,1,0,1,1,250,1
207,4.5,60,0,1,1,1,250,1
208,8.1,66,1,0,1,1,255,1
209,6.7,45,1,1,0,0,247,2
210,6.7,45,1,1,1,0,245,2
211,5.6,50,0,1,1,1,255,1
212,8.6,55,0,1,1,1,255,1
213,7.4,90,1,0,1,1,255,1
214,6.8,45,0,0,1,0,255,2
215,6.5,38,1,0,1,0,255,2
216,6.7,38,1,0,1,0,255,0
217,3,40,1,1,1,1,255,1
218,9,43,1,0,1,1,250,1
219,8.6,55,0,1,1,1,255,1
220,6.8,45,0,0,0,1,255,2
221,6.8,45,0,1,1,1,255,0
222,6.5,38,1,0,0,0,255,2
223,4.7,38,1,0,1,0,255,1
224,3,40,1,1,1,1,255,1
225,9,43,1,0,1,1,250,1
226,6.8,40,1,0,1,0,245,2
227,6.6,45,0,1,1,1,250,0
228,6.5,36,0,0,1,0,255,2
229,4.5,38,0,1,1,1,255,1
230,6.8,45,1,1,1,1,245,0
231,6.5,35,1,0,1,0,246,2
232,6.8,36,0,1,1,0,253,0
233,8.5,70,0,0,0,0,246,1
234,6.8,34,0,0,0,1,240,2
235,6.5,37,0,0,0,0,245,2
236,6.6,37,1,0,1,0,255,0
237,6.8,45,0,1,0,0,240,2
238,7.4,65,0,0,0,0,255,1
239,6.8,41,0,0,1,0,255,2
240,6.5,38,1,1,1,1,255,0
241,6.6,38,0,0,0,0,255,2
242,3,40,1,0,0,0,255,1
243,9,43,1,1,1,1,248,1
244,6.5,38,1,0,1,0,255,2
245,6.7,38,1,0,1,0,255,0
246,3,40,1,1,1,1,255,1
247,6.6,43,1,0,1,1,250,0
248,8.6,55,0,1,1,1,255,1
249,6.8,45,0,0,0,1,255,2
250,6.8,45,0,1,1,1,255,0
251,6.5,38,1,0,0,0,255,2
252,6.6,38,1,0,1,0,255,0
253,3,40,1,1,1,1,255,1
254,9,43,1,0,1,1,250,1
255,6.8,40,1,0,1,0,245,2
256,6.6,45,0,0,0,1,250,2
257,6.5,36,0,0,1,0,255,2
258,6.6,38,0,0,1,0,255,2
259,6.8,45,1,1,1,1,245,0
260,6.5,55,1,0,1,0,246,1
261,6.8,36,0,1,1,0,253,0
262,8.5,70,0,0,0,0,246,1
263,6.8,40,1,0,1,0,245,2
264,6.6,45,0,1,1,1,250,0
265,6.5,36,0,0,1,0,255,2
266,4.5,38,0,1,1,1,255,1
267,6.8,45,1,1,1,1,245,0
268,6.5,35,1,0,1,0,246,2
269,6.8,36,0,1,1,0,253,0
270,8.5,70,0,0,0,0,246,1
271,6.8,34,0,0,0,1,240,2
272,9,43,1,1,1,1,248,1
273,6.8,40,1,1,1,1,255,0
274,6.6,50,0,0,0,1,250,1
275,6.5,36,0,0,0,0,247,2
276,6.6,50,0,0,0,0,255,1
277,6.8,45,1,1,1,0,245,0
278,9.5,34,1,1,0,1,255,1
279,6.5,37,0,0,0,0,255,2
280,9.5,34,1,1,0,1,255,1
281,6.5,37,0,0,0,0,255,2
282,6.6,37,1,1,1,1,255,0
283,5.5,45,1,0,1,1,250,1
284,4.5,60,0,1,1,1,250,1
285,8.1,66,1,0,1,1,255,1
286,6.7,45,1,1,0,0,247,2
287,6.7,45,1,1,1,0,245,2
288,5.6,50,0,1,1,1,255,1
289,6.6,35,0,1,1,1,255,0
290,7.4,90,1,0,1,1,255,1
291,6.8,50,0,0,1,0,255,1
292,6.5,38,1,0,1,0,255,2
293,6.7,41,1,0,0,0,247,2
294,6.7,50,1,1,1,0,245,1
295,6.8,45,0,1,1,1,255,0
296,8.6,55,0,1,0,0,255,1
297,7.4,65,0,0,0,0,255,1
298,6.8,41,0,0,0,0,255,2
299,6.5,38,1,1,1,1,255,0
300,6.8,38,0,0,0,0,255,2
301,3,40,1,0,0,0,255,1
302,9,43,1,1,1,1,248,1
303,6.8,40,1,1,1,1,255,0
304,6.6,45,0,0,0,1,250,2
305,6.5,36,0,0,0,0,247,2
306,6.6,38,0,0,0,0,255,2
307,6.8,45,1,1,1,0,245,0
308,9.5,34,1,1,0,1,255,1
309,6.5,37,0,0,0,0,255,2
310,6.6,37,1,1,1,1,255,0
311,5.5,45,1,0,1,1,250,1
312,4.5,60,0,1,1,1,250,1
313,8.1,66,1,0,1,1,255,1
314,6.7,45,1,1,0,0,247,2
315,6.7,45,1,1,1,0,245,2
316,5.6,50,0,1,1,1,255,1
317,8.6,55,0,1,1,1,255,1
318,7.4,90,1,0,1,1,255,1
319,6.8,45,0,0,1,0,255,2
320,6.5,38,1,0,1,0,255,2
321,6.7,38,1,0,1,0,255,0
322,3,40,1,1,1,1,255,1
323,9,43,1,0,1,1,250,1
324,8.6,55,0,1,1,1,255,1
325,6.8,45,0,0,0,1,255,2
326,6.8,45,0,1,1,1,255,0
327,6.5,38,1,0,0,0,255,2
328,4.7,38,1,0,1,0,255,1
329,3,40,1,1,1,1,255,1
330,9,43,1,0,1,1,250,1
331,6.8,40,1,0,1,0,245,2
332,6.5,37,0,0,0,0,255,2
333,6.6,37,1,1,1,1,255,0
334,5.5,45,1,0,1,1,250,1
335,4.5,60,0,1,1,1,250,1
336,8.1,66,1,0,1,1,255,1
337,6.7,45,1,1,0,0,247,2
338,6.7,45,1,1,1,0,245,2
339,5.6,50,0,1,1,1,255,1
340,8.6,55,0,1,1,1,255,1
341,7.4,90,1,0,1,1,255,1
342,6.8,45,0,0,1,0,255,2
343,6.5,38,1,0,1,0,255,2
344,6.7,38,1,0,1,0,255,0
345,3,40,1,1,1,1,255,1
346,9,43,1,0,1,1,250,1
347,8.6,55,0,1,1,1,255,1
348,6.8,45,0,0,0,1,255,2
349,6.8,45,0,1,1,1,255,0
350,6.5,38,1,0,0,0,255,2
351,4.7,38,1,0,1,0,255,1
352,3,40,1,1,1,1,255,1
353,9,43,1,0,1,1,250,1
354,6.8,40,1,0,1,0,245,2
355,6.6,45,0,1,1,1,250,0
356,6.5,36,0,0,1,0,255,2
357,4.5,38,0,1,1,1,255,1
358,6.8,45,1,1,1,1,245,0
359,6.5,35,1,0,1,0,246,2
360,6.8,36,0,1,1,0,253,0
361,8.5,70,0,0,0,0,246,1
362,6.8,34,0,0,0,1,240,2
363,6.5,37,0,0,0,0,245,2
364,6.6,37,1,0,1,0,255,0
365,6.8,45,0,1,0,0,240,2
366,7.4,65,0,0,0,0,255,1
367,6.8,41,0,0,1,0,255,2
368,6.5,38,1,1,1,1,255,0
369,6.6,38,0,0,0,0,255,2
370,3,40,1,0,0,0,255,1
371,9,43,1,1,1,1,248,1
372,6.5,38,1,0,1,0,255,2
373,6.7,38,1,0,1,0,255,0
374,3,40,1,1,1,1,255,1
375,6.6,43,1,0,1,1,250,0
376,8.6,55,0,1,1,1,255,1
377,6.8,45,0,0,0,1,255,2
378,6.8,45,0,1,1,1,255,0
379,6.5,38,1,0,0,0,255,2
380,6.6,38,1,0,1,0,255,0
381,3,40,1,1,1,1,255,1
382,9,43,1,0,1,1,250,1
383,6.8,40,1,0,1,0,245,2
384,6.6,45,0,0,0,1,250,2
385,6.5,36,0,0,1,0,255,2
386,6.8,45,0,1,1,1,255,0
387,6.5,38,1,0,0,0,255,2
388,4.7,38,1,0,1,0,255,1
389,3,40,1,1,1,1,255,1
390,9,43,1,0,1,1,250,1
391,6.8,40,1,0,1,0,245,2
392,6.6,45,0,1,1,1,250,0
393,6.5,36,0,0,1,0,255,2
394,4.5,38,0,1,1,1,255,1
395,6.8,45,1,1,1,1,245,0
396,6.5,35,1,0,1,0,246,2
397,6.8,36,0,1,1,0,253,0
398,8.5,70,0,0,0,0,246,1
399,6.8,34,0,0,0,1,240,2
400,6.5,37,0,0,0,0,245,2
401,6.6,37,1,0,1,0,255,0
402,6.8,45,0,1,0,0,240,2
403,7.4,65,0,0,0,0,255,1
404,6.8,41,0,0,1,0,255,2
405,6.5,38,1,1,1,1,255,0
406,6.6,38,0,0,0,0,255,2
407,3,40,1,0,0,0,255,1
408,9,43,1,1,1,1,248,1
409,6.8,40,1,1,1,1,255,0
410,6.6,50,0,0,0,1,250,1
411,6.5,36,0,0,0,0,247,2
412,6.6,50,0,0,0,0,255,1
413,6.8,45,1,1,1,0,245,0
414,9.5,34,1,1,0,1,255,1
415,6.5,37,0,0,0,0,255,2
416,9.5,34,1,1,0,1,255,1
417,6.5,37,0,0,0,0,255,2
418,6.6,37,1,1,1,1,255,0
419,5.5,45,1,0,1,1,250,1
420,4.5,60,0,1,1,1,250,1
421,8.1,66,1,0,1,1,255,1
422,6.7,45,1,1,0,0,247,2
423,6.7,45,1,1,1,0,245,2
424,5.6,50,0,1,1,1,255,1
425,6.6,35,0,1,1,1,255,0
426,7.4,90,1,0,1,1,255,1
427,6.8,50,0,0,1,0,255,1
428,6.5,38,1,0,1,0,255,2
429,6.7,38,1,0,1,0,255,0
430,3,40,1,1,1,1,255,1
431,6.6,43,1,0,1,1,250,0
432,8.6,55,0,1,1,1,255,1
433,6.8,45,0,0,0,1,255,2
434,6.8,45,0,1,1,1,255,0
435,6.5,38,1,0,0,0,255,2
436,6.6,38,1,0,1,0,255,0
437,3,40,1,1,1,1,255,1
438,9,43,1,0,1,1,250,1
439,6.8,40,1,0,1,0,245,2
440,6.6,45,0,0,0,1,250,2
441,6.5,36,0,0,1,0,255,2
442,6.6,38,0,0,1,0,255,2
443,6.8,45,1,1,1,1,245,0
444,6.5,55,1,0,1,0,246,1
445,6.8,36,0,1,1,0,253,0
446,8.5,70,0,0,0,0,246,1
447,6.8,40,1,0,1,0,245,2
448,6.6,45,0,1,1,1,250,0
449,6.5,36,0,0,1,0,255,2
450,4.5,38,0,1,1,1,255,1
451,6.8,45,1,1,1,1,245,0
452,6.5,35,1,0,1,0,246,2
453,6.8,36,0,1,1,0,253,0
454,8.5,70,0,0,0,0,246,1
455,6.6,50,0,0,0,0,255,1
456,6.8,45,1,1,1,0,245,0
457,9.5,34,1,1,0,1,255,1
458,6.5,37,0,0,0,0,255,2
459,9.5,34,1,1,0,1,255,1
460,6.5,37,0,0,0,0,255,2
461,6.6,37,1,1,1,1,255,0
462,5.5,45,1,0,1,1,250,1
463,4.5,60,0,1,1,1,250,1
464,8.1,66,1,0,1,1,255,1
465,6.7,45,1,1,0,0,247,2
466,6.7,45,1,1,1,0,245,2
467,5.6,50,0,1,1,1,255,1
468,6.6,35,0,1,1,1,255,0
469,7.4,90,1,0,1,1,255,1
470,6.8,50,0,0,1,0,255,1
471,6.5,38,1,0,1,0,255,2
472,6.7,38,1,0,1,0,255,0
473,3,40,1,1,1,1,255,1
474,6.6,43,1,0,1,1,250,0
475,8.6,55,0,1,1,1,255,1
476,6.8,45,0,0,0,1,255,2
477,6.8,45,0,1,1,1,255,0
478,6.5,38,1,0,0,0,255,2
479,6.6,38,1,0,1,0,255,0
480,3,40,1,1,1,1,255,1
481,9,43,1,0,1,1,250,1
482,6.8,40,1,0,1,0,245,2
483,6.6,45,0,0,0,1,250,2
484,6.5,36,0,0,1,0,255,2
485,6.6,38,0,0,1,0,255,2
486,6.8,45,1,1,1,1,245,0
487,6.5,55,1,0,1,0,246,1
488,6.8,36,0,1,1,0,253,0
489,8.5,70,0,0,0,0,246,1
490,6.8,40,1,0,1,0,245,2
491,6.6,45,0,1,1,1,250,0
492,6.5,36,0,0,1,0,255,2
493,4.5,38,0,1,1,1,255,1
494,6.8,45,1,1,1,1,245,0
495,6.5,35,1,0,1,0,246,2
496,6.8,36,0,1,1,0,253,0
497,8.5,70,0,0,0,0,246,1
498,6.8,34,0,0,0,1,240,2
499,6.5,37,0,0,0,0,245,2
500,6.6,37,1,0,1,0,255,0
501,6.8,45,0,1,0,0,240,2
502,7.4,65,0,0,0,0,255,1
503,6.8,41,0,0,1,0,255,2
504,6.5,38,1,1,1,1,255,0
505,6.6,38,0,0,0,0,255,2
506,3,40,1,0,0,0,255,1
507,9,43,1,1,1,1,248,1
508,6.8,40,1,1,1,1,255,0
509,6.6,50,0,0,0,1,250,1
510,6.5,36,0,0,0,0,247,2
511,6.6,50,0,0,0,0,255,1
512,6.8,45,1,1,1,0,245,0
513,9.5,34,1,1,0,1,255,1
514,6.5,37,0,0,0,0,255,2
515,9.5,34,1,1,0,1,255,1
516,6.5,37,0,0,0,0,255,2
517,6.6,37,1,1,1,1,255,0
518,5.5,45,1,0,1,1,250,1
519,4.5,60,0,1,1,1,250,1
520,8.1,66,1,0,1,1,255,1
521,6.7,45,1,1,0,0,247,2
522,6.7,45,1,1,1,0,245,2
523,5.6,50,0,1,1,1,255,1
524,6.6,35,0,1,1,1,255,0
525,7.4,90,1,0,1,1,255,1
526,6.8,50,0,0,1,0,255,1
527,6.5,38,1,0,1,0,255,2
528,6.7,41,1,0,0,0,247,2
529,6.7,50,1,1,1,0,245,1
530,6.8,45,0,1,1,1,255,0
531,6.6,45,0,1,0,0,255,2
532,7.4,65,0,0,0,0,255,1
533,6.8,41,0,0,0,0,255,2
534,6.5,38,1,1,1,1,255,0
535,6.8,38,0,0,0,0,255,2
536,3,40,1,0,0,0,255,1
537,9,43,1,1,1,1,248,1
538,6.8,40,1,1,1,1,255,0
539,6.6,50,0,0,0,1,250,1
540,6.5,36,0,0,0,0,247,2
541,6.6,38,0,0,0,0,255,2
542,6.8,45,1,1,1,0,245,0
543,9.5,34,1,1,0,1,255,1
544,6.5,37,0,0,0,0,255,2
545,6.6,37,1,1,1,1,255,0
546,5.5,45,1,0,1,1,250,1
547,6.5,40,1,0,0,0,250,2
548,8.1,66,1,0,1,1,255,1
549,6.7,45,1,1,0,0,247,2
550,6.7,38,1,0,1,0,255,0
551,3,40,1,1,1,1,255,1
552,6.8,43,1,0,1,0,250,0
553,8.6,55,0,1,1,1,255,1
554,6.8,55,0,0,0,1,255,1
555,6.8,45,0,1,1,1,255,0
556,6.5,38,1,0,0,0,255,2
557,4.7,38,1,0,1,0,255,1
558,3,40,1,1,1,1,255,1
559,9,43,1,0,1,1,250,1
560,6.8,40,1,0,1,0,245,2
561,6.6,45,0,1,1,1,250,0
562,6.5,36,0,0,1,0,255,2
563,4.5,38,0,1,1,1,255,1
564,6.8,45,1,1,1,1,245,0
565,6.5,50,1,0,1,0,246,1
566,6.8,36,0,1,1,0,253,0
567,8.5,70,0,0,0,0,246,1
568,6.8,34,0,0,0,1,240,2
569,6.5,37,0,0,0,0,245,2
570,6.6,37,1,0,1,0,255,0
571,6.8,45,0,1,0,0,240,2
572,7.4,65,0,0,0,0,255,1
573,6.8,41,0,0,1,0,255,2
574,6.5,38,1,1,1,1,255,0
575,6.6,38,0,0,0,0,255,2
576,6.6,40,1,0,1,1,255,0
577,9,43,1,1,1,1,248,1
578,6.5,38,1,0,1,0,255,2
579,6.7,38,1,0,1,0,255,0
580,3,40,1,1,1,1,255,1
581,6.6,43,1,0,1,1,250,0
582,6.8,41,0,0,1,0,255,2
583,6.5,38,1,1,1,1,255,0
584,6.6,38,0,0,0,0,255,2
585,3,40,1,0,0,0,255,1
586,9,43,1,1,1,1,248,1
587,6.8,40,1,1,1,1,255,0
588,6.6,50,0,0,0,1,250,1
589,6.5,36,0,0,0,0,247,2
590,6.6,50,0,0,0,0,255,1
591,6.8,45,1,1,1,0,245,0
592,9.5,34,1,1,0,1,255,1
593,6.5,37,0,0,0,0,255,2
594,9.5,34,1,1,0,1,255,1
595,6.5,37,0,0,0,0,255,2
596,6.6,37,1,1,1,1,255,0
597,5.5,45,1,0,1,1,250,1
598,4.5,60,0,1,1,1,250,1
599,8.1,66,1,0,1,1,255,1
600,6.7,45,1,1,0,0,247,2
601,6.7,45,1,1,1,0,245,2
602,5.6,50,0,1,1,1,255,1
603,6.6,35,0,1,1,1,255,0
604,7.4,90,1,0,1,1,255,1
605,6.8,50,0,0,1,0,255,1
606,6.5,38,1,0,1,0,255,2
607,6.7,41,1,0,0,0,247,2
608,6.7,50,1,1,1,0,245,1
609,6.8,45,0,1,1,1,255,0
610,6.6,45,0,1,0,0,255,2
611,7.4,65,0,0,0,0,255,1
612,6.8,41,0,0,0,0,255,2
613,6.5,38,1,1,1,1,255,0
614,6.8,38,0,0,0,0,255,2
615,3,40,1,0,0,0,255,1
616,9,43,1,1,1,1,248,1
617,6.8,40,1,1,1,1,255,0
618,6.6,50,0,0,0,1,250,1
619,6.5,36,0,0,0,0,247,2
620,6.6,38,0,0,0,0,255,2
621,6.8,45,1,1,1,0,245,0
622,9.5,34,1,1,0,1,255,1
623,6.5,37,0,0,0,0,255,2
624,6.6,37,1,1,1,1,255,0
625,5.5,45,1,0,1,1,250,1
626,6.5,40,1,0,0,0,250,2
627,8.1,66,1,0,1,1,255,1
628,6.7,45,1,1,0,0,247,2
629,6.7,38,1,0,1,0,255,0
630,3,40,1,1,1,1,255,1
631,6.8,43,1,0,1,0,250,0
632,8.6,55,0,1,1,1,255,1
633,6.8,55,0,0,0,1,255,1
634,6.8,45,0,1,1,1,255,0
635,6.5,38,1,0,0,0,255,2
636,4.7,38,1,0,1,0,255,1
637,3,40,1,1,1,1,255,1
638,9,43,1,0,1,1,250,1
639,6.8,40,1,0,1,0,245,2
640,6.6,45,0,1,1,1,250,0
641,6.5,36,0,0,1,0,255,2
642,4.5,38,0,1,1,1,255,1
643,6.8,45,1,1,1,1,245,0
644,6.5,50,1,0,1,0,246,1
645,6.8,36,0,1,1,0,253,0
646,8.5,70,0,0,0,0,246,1
647,6.8,34,0,0,0,1,240,2
648,6.5,37,0,0,0,0,245,2
649,6.6,37,1,0,1,0,255,0
650,6.8,45,0,1,0,0,240,2
651,7.4,65,0,0,0,0,255,1
652,6.8,41,0,0,1,0,255,2
653,6.5,38,1,1,1,1,255,0
654,6.6,38,0,0,0,0,255,2
655,6.7,38,1,0,1,0,255,0
656,3,40,1,1,1,1,255,1
657,9,43,1,0,1,1,250,1
658,8.6,55,0,1,1,1,255,1
659,6.8,45,0,0,0,1,255,2
660,6.8,45,0,1,1,1,255,0
661,6.5,38,1,0,0,0,255,2
662,4.7,38,1,0,1,0,255,1
663,3,40,1,1,1,1,255,1
664,9,43,1,0,1,1,250,1
665,6.8,40,1,0,1,0,245,2
666,6.5,37,0,0,0,0,255,2
667,6.6,37,1,1,1,1,255,0
668,5.5,45,1,0,1,1,250,1
669,4.5,60,0,1,1,1,250,1
670,8.1,66,1,0,1,1,255,1
671,6.7,45,1,1,0,0,247,2
672,6.7,45,1,1,1,0,245,2
673,5.6,50,0,1,1,1,255,1
674,8.6,55,0,1,1,1,255,1
675,7.4,90,1,0,1,1,255,1
676,6.8,45,0,0,1,0,255,2
677,6.5,38,1,0,1,0,255,2
678,6.7,38,1,0,1,0,255,0
679,3,40,1,1,1,1,255,1
680,9,43,1,0,1,1,250,1
681,8.6,55,0,1,1,1,255,1
682,6.8,45,0,0,0,1,255,2
683,6.8,45,0,1,1,1,255,0
684,6.5,38,1,0,0,0,255,2
685,4.7,38,1,0,1,0,255,1
686,3,40,1,1,1,1,255,1
687,9,43,1,0,1,1,250,1
688,6.8,40,1,0,1,0,245,2
689,6.6,45,0,1,1,1,250,0
690,6.5,36,0,0,1,0,255,2
691,4.5,38,0,1,1,1,255,1
692,6.8,45,1,1,1,1,245,0
693,6.5,35,1,0,1,0,246,2
694,6.8,36,0,1,1,0,253,0
695,8.5,70,0,0,0,0,246,1
696,6.8,34,0,0,0,1,240,2
697,6.5,37,0,0,0,0,245,2
698,6.6,37,1,0,1,0,255,0
699,6.8,45,0,1,0,0,240,2
700,7.4,65,0,0,0,0,255,1
701,6.8,41,0,0,1,0,255,2
702,6.5,38,1,1,1,1,255,0
703,6.6,38,0,0,0,0,255,2
704,3,40,1,0,0,0,255,1
705,9,43,1,1,1,1,248,1
706,6.5,38,1,0,1,0,255,2
707,6.7,38,1,0,1,0,255,0
708,3,40,1,1,1,1,255,1
709,6.6,43,1,0,1,1,250,0
710,8.6,55,0,1,1,1,255,1
711,6.8,45,0,0,0,1,255,2
712,6.8,45,0,1,1,1,255,0
713,6.5,38,1,0,0,0,255,2
714,6.6,38,1,0,1,0,255,0
715,3,40,1,1,1,1,255,1
716,9,43,1,0,1,1,250,1
717,6.8,40,1,0,1,0,245,2
718,6.6,45,0,0,0,1,250,2
719,6.5,36,0,0,1,0,255,2
720,6.8,45,0,1,1,1,255,0
721,6.5,38,1,0,0,0,255,2
722,4.7,38,1,0,1,0,255,1
723,3,40,1,1,1,1,255,1
724,9,43,1,0,1,1,250,1
725,6.8,40,1,0,1,0,245,2
726,6.6,45,0,1,1,1,250,0
727,6.5,36,0,0,1,0,255,2
728,4.5,38,0,1,1,1,255,1
729,6.8,45,1,1,1,1,245,0
730,5.5,45,1,0,1,1,250,1
731,4.5,60,0,1,1,1,250,1
732,8.1,66,1,0,1,1,255,1
733,6.7,45,1,1,0,0,247,2
734,6.7,45,1,1,1,0,245,2
735,5.6,50,0,1,1,1,255,1
736,6.6,35,0,1,1,1,255,0
737,7.4,90,1,0,1,1,255,1
738,6.8,50,0,0,1,0,255,1
739,6.5,38,1,0,1,0,255,2
740,6.7,41,1,0,0,0,247,2
741,6.7,50,1,1,1,0,245,1
742,6.8,45,0,1,1,1,255,0
743,8.6,55,0,1,0,0,255,1
744,7.4,65,0,0,0,0,255,1
745,6.8,41,0,0,0,0,255,2
746,6.5,38,1,1,1,1,255,0
747,6.8,38,0,0,0,0,255,2
748,3,40,1,0,0,0,255,1
749,9,43,1,1,1,1,248,1
750,6.8,40,1,1,1,1,255,0
751,6.6,45,0,0,0,1,250,2
752,6.5,36,0,0,0,0,247,2
753,6.6,38,0,0,0,0,255,2
754,6.8,45,1,1,1,0,245,0
755,9.5,34,1,1,0,1,255,1
756,6.5,37,0,0,0,0,255,2
757,6.6,37,1,1,1,1,255,0
758,5.5,45,1,0,1,1,250,1
759,4.5,60,0,1,1,1,250,1
760,8.1,66,1,0,1,1,255,1
761,6.7,45,1,1,0,0,247,2
762,6.7,45,1,1,1,0,245,2
763,5.6,50,0,1,1,1,255,1
764,8.6,55,0,1,1,1,255,1
765,7.4,90,1,0,1,1,255,1
766,6.8,45,0,0,1,0,255,2
767,6.5,38,1,0,1,0,255,2
768,6.7,38,1,0,1,0,255,0
769,3,40,1,1,1,1,255,1
770,9,43,1,0,1,1,250,1
771,8.6,55,0,1,1,1,255,1
772,6.8,45,0,0,0,1,255,2
773,6.8,45,0,1,1,1,255,0
774,6.5,38,1,0,0,0,255,2
775,4.7,38,1,0,1,0,255,1
776,3,40,1,1,1,1,255,1
777,9,43,1,0,1,1,250,1
778,6.8,40,1,0,1,0,245,2
779,6.5,37,0,0,0,0,255,2
780,6.6,37,1,1,1,1,255,0
781,5.5,45,1,0,1,1,250,1
782,4.5,60,0,1,1,1,250,1
783,8.1,66,1,0,1,1,255,1
784,6.7,45,1,1,0,0,247,2
785,6.7,45,1,1,1,0,245,2
786,5.6,50,0,1,1,1,255,1
787,8.6,55,0,1,1,1,255,1
788,7.4,90,1,0,1,1,255,1
789,6.8,45,0,0,1,0,255,2
790,6.5,38,1,0,1,0,255,2
791,6.7,38,1,0,1,0,255,0
792,3,40,1,1,1,1,255,1
793,9,43,1,0,1,1,250,1
794,8.6,55,0,1,1,1,255,1
795,6.8,45,0,0,0,1,255,2
796,6.8,45,0,1,1,1,255,0
797,6.5,38,1,0,0,0,255,2
798,4.7,38,1,0,1,0,255,1
799,3,40,1,1,1,1,255,1
800,9,43,1,0,1,1,250,1
801,6.8,40,1,0,1,0,245,2
802,6.6,45,0,1,1,1,250,0
803,6.5,36,0,0,1,0,255,2
804,4.5,38,0,1,1,1,255,1
805,6.8,45,1,1,1,1,245,0
806,6.5,35,1,0,1,0,246,2
807,6.8,36,0,1,1,0,253,0
808,8.5,70,0,0,0,0,246,1
809,6.8,34,0,0,0,1,240,2
810,6.5,37,0,0,0,0,245,2
811,6.6,37,1,0,1,0,255,0
812,6.8,45,0,1,0,0,240,2
813,7.4,65,0,0,0,0,255,1
814,6.8,41,0,0,1,0,255,2
815,6.5,38,1,1,1,1,255,0
816,6.6,38,0,0,0,0,255,2
817,3,40,1,0,0,0,255,1
818,9,43,1,1,1,1,248,1
819,6.5,38,1,0,1,0,255,2
820,6.7,38,1,0,1,0,255,0
821,6.6,40,0,0,0,0,255,2
822,6.6,43,1,0,1,1,250,0
823,8.6,55,0,1,1,1,255,1
824,6.8,45,0,0,0,1,255,2
825,6.8,45,0,1,1,1,255,0
826,6.5,38,1,0,0,0,255,2
827,6.6,38,1,0,1,0,255,0
828,3,40,1,1,1,1,255,1
829,9,43,1,0,1,1,250,1
830,6.8,40,1,0,1,0,245,2
831,6.6,45,0,1,1,1,250,0
832,6.5,36,0,0,1,0,255,2
833,6.8,45,0,1,1,1,255,0
834,6.5,38,1,0,0,0,255,2
835,4.7,38,1,0,1,0,255,1
836,3,40,1,1,1,1,255,1
837,9,43,1,0,1,1,250,1
838,6.8,40,1,0,1,0,245,2
839,6.6,45,0,1,1,1,250,0
840,6.5,36,0,0,1,0,255,2
841,4.5,38,0,1,1,1,255,1
842,6.8,45,1,1,1,1,245,0
843,6.5,35,1,0,1,0,246,2
844,6.8,36,0,1,1,0,253,0
845,8.5,70,0,0,0,0,246,1
846,6.8,34,0,0,0,1,240,2
847,6.5,37,0,1,1,1,245,1
848,6.6,37,1,0,1,0,255,0
849,6.8,45,0,1,0,0,240,2
850,7.4,65,0,0,0,0,255,1
851,6.8,41,0,0,1,0,255,2
852,6.5,38,1,1,1,1,255,0
853,6.6,38,0,0,0,0,255,2
854,3,40,1,0,0,0,255,1
855,9,43,1,1,1,1,248,1
856,6.8,40,1,1,1,1,255,0
857,6.6,50,0,0,0,1,250,1
858,6.5,36,0,0,0,0,247,2
859,6.6,50,0,0,0,0,255,1
860,6.8,45,1,1,1,0,245,0
861,6.6,40,1,0,0,0,255,2
862,9,43,1,1,1,1,248,1
863,6.8,40,1,1,1,1,255,0
864,6.6,50,0,0,0,1,250,1
865,6.5,36,0,0,0,0,247,2
866,6.6,38,0,0,0,0,255,2
867,6.8,45,1,1,1,0,245,0
868,9.5,34,1,1,0,1,255,1
869,6.5,37,0,0,0,0,255,2
870,6.6,37,1,1,1,1,255,0
871,5.5,45,1,0,1,1,250,1
872,6.5,40,1,0,0,0,250,2
873,8.1,66,1,0,1,1,255,1
874,6.7,45,1,1,0,0,247,2
875,6.7,38,1,0,1,0,255,0
876,3,40,1,1,1,1,255,1
877,6.8,43,1,0,1,0,250,0
878,8.6,55,0,1,1,1,255,1
879,6.8,55,0,0,0,1,255,1
880,6.8,45,0,1,1,1,255,0
881,6.5,38,1,0,0,0,255,2
882,4.7,38,1,0,1,0,255,1
883,6.6,40,1,1,1,1,255,0
884,9,43,1,0,1,1,250,1
885,6.8,40,1,0,1,0,245,2
886,6.6,45,0,1,1,1,250,0
887,6.5,36,0,0,1,0,255,2
888,4.5,38,0,1,1,1,255,1
889,6.8,45,1,1,1,1,245,0
890,6.5,50,1,0,1,0,246,1
891,6.6,37,1,0,1,0,255,0
892,6.8,45,0,1,0,0,240,2
893,7.4,65,0,0,0,0,255,1
894,6.8,41,0,0,1,0,255,2
895,6.5,38,1,1,1,1,255,0
896,6.6,38,0,0,0,0,255,2
897,6.7,38,1,0,1,0,255,0
898,3,40,1,1,1,1,255,1
899,6.6,43,0,0,1,0,250,2
900,8.6,55,0,1,1,1,255,1
901,6.8,45,0,0,0,1,255,2
902,6.8,45,0,1,1,1,255,0
903,6.5,38,1,0,0,0,255,2
904,4.7,38,1,0,1,0,255,1
905,3,40,1,1,1,1,255,1
906,9,43,1,0,1,1,250,1
907,6.8,40,1,0,1,0,245,2
908,6.5,37,0,0,0,0,255,2
909,6.6,37,1,1,1,1,255,0
910,5.5,45,1,0,1,1,250,1
911,6.5,40,0,0,1,0,250,2
912,8.1,66,1,0,1,1,255,1
913,6.7,45,1,1,0,0,247,2
914,6.7,45,1,1,1,0,245,2
915,5.6,50,0,1,1,1,255,1
916,8.6,55,0,1,1,1,255,1
917,6.7,41,1,0,0,0,247,2
918,6.7,50,1,1,1,0,245,1
919,6.8,45,0,1,1,1,255,0
920,8.6,55,0,1,0,0,255,1
921,7.4,65,0,0,0,0,255,1
922,6.8,41,0,0,0,0,255,2
923,6.5,38,1,1,1,1,255,0
924,6.8,38,0,0,0,0,255,2
925,3,40,1,0,0,0,255,1
926,9,43,1,1,1,1,248,1
927,6.8,40,1,1,1,1,255,0
928,6.6,45,0,0,0,1,250,2
929,6.5,36,0,0,0,0,247,2
930,6.6,38,0,1,1,1,255,0
931,6.8,45,1,1,1,0,245,0
932,9.5,34,1,1,0,1,255,1
933,6.5,37,0,0,0,0,255,2
934,6.6,37,1,1,1,1,255,0
935,5.5,45,1,0,1,1,250,1
936,4.5,60,0,1,1,1,250,1
937,8.1,66,1,0,1,1,255,1
938,6.7,45,1,1,0,0,247,2
939,6.7,45,1,1,1,0,245,2
940,5.6,50,0,1,1,1,255,1
941,8.6,55,0,1,1,1,255,1
942,6.6,45,1,0,0,1,255,2
943,9,43,1,0,1,1,250,1
944,6.8,40,1,0,1,0,245,2
945,6.6,45,0,1,1,1,250,0
946,6.5,36,0,0,1,0,255,2
947,4.5,38,0,1,1,1,255,1
948,6.8,45,1,1,1,1,245,0
949,6.5,35,1,0,1,0,246,2
950,6.8,36,0,1,1,0,253,0
951,8.5,70,0,0,0,0,246,1
952,6.8,34,0,0,0,1,240,2
953,6.5,37,0,0,0,0,245,2
954,6.6,37,1,0,1,0,255,0
955,6.8,45,0,1,0,0,240,2
956,7.4,65,0,0,0,0,255,1
957,6.8,41,1,1,1,0,255,0
958,6.5,38,1,1,1,1,255,0
959,6.6,38,0,0,0,0,255,2
960,3,40,1,0,0,0,255,1
961,9,43,1,1,1,1,248,1
962,6.5,38,1,0,1,0,255,2
963,6.7,38,1,0,1,0,255,0
964,3,40,1,1,1,1,255,1
965,6.6,43,1,0,1,1,250,0
966,8.6,55,0,1,1,1,255,1
967,6.5,40,1,0,0,0,250,2
968,8.1,66,1,0,1,1,255,1
969,6.7,45,1,1,0,0,247,2
970,6.7,38,1,0,1,0,255,0
971,3,40,1,1,1,1,255,1
972,6.8,43,1,0,1,0,250,0
973,8.6,55,0,1,1,1,255,1
974,6.8,55,0,0,0,1,255,1
975,6.8,45,0,1,1,1,255,0
976,6.5,38,1,0,0,0,255,2
977,4.7,38,1,0,1,0,255,1
978,3,40,1,1,1,1,255,1
979,9,43,1,0,1,1,250,1
980,6.8,40,1,0,1,0,245,2
981,6.6,45,0,1,1,1,250,0
982,6.5,36,0,0,1,0,255,2
983,4.5,38,0,1,1,1,255,1
984,6.8,45,1,1,1,1,245,0
985,6.5,45,1,0,0,0,246,2
986,6.8,36,0,1,1,0,253,0
987,8.5,70,0,0,0,0,246,1
988,6.8,34,0,0,0,1,240,2
989,6.5,37,0,0,0,0,245,2
990,6.6,37,1,0,1,0,255,0
991,6.8,45,0,1,0,0,240,2
992,7.4,65,0,0,0,0,255,1
993,6.8,41,0,0,1,0,255,2
994,6.5,38,1,1,1,1,255,0
995,6.6,38,0,0,0,0,255,2
996,6.7,38,1,0,1,0,255,0
997,3,40,1,1,1,1,255,1
998,6.6,43,0,0,0,1,250,2
999,8.6,55,0,1,1,1,255,1
1000,6.8,45,0,0,0,1,255,2
1001,6.8,45,0,1,1,1,255,0
1002,6.5,38,1,0,0,0,255,2
1003,4.7,38,1,0,1,0,255,1
1004,3,40,1,1,1,1,255,1
1005,9,43,1,0,1,1,250,1
1006,6.8,40,1,0,1,0,245,2
1007,6.5,37,0,0,0,0,255,2
1008,3,40,1,1,1,1,255,1
1009,9,43,1,0,1,1,250,1
1010,6.8,40,1,0,1,0,245,2
1011,6.6,45,0,1,1,1,250,0
1012,6.5,36,0,0,1,0,255,2
1013,6.8,45,0,1,1,1,255,0
1014,6.5,38,1,0,0,0,255,2
1015,4.7,38,1,0,1,0,255,1
1016,3,40,1,1,1,1,255,1
1017,9,43,1,0,1,1,250,1
1018,6.8,40,1,0,1,0,245,2
1019,6.6,45,0,1,1,1,250,0
1020,6.5,36,0,0,1,0,255,2
1021,4.5,38,0,1,1,1,255,1
1022,6.8,45,1,1,1,1,245,0
1023,6.5,35,1,0,1,0,246,2
1024,6.8,36,0,1,1,0,253,0
1025,8.5,70,0,0,0,0,246,1
1026,6.8,34,0,0,0,1,240,2
1027,6.5,37,0,1,1,1,245,1
1028,6.6,37,1,0,1,0,255,0
1029,6.8,45,0,1,0,0,240,2
1030,7.4,65,0,0,0,0,255,1
1031,6.8,41,0,0,1,0,255,2
1032,6.5,38,1,1,1,1,255,0
1033,6.6,38,0,0,0,0,255,2
1034,3,40,1,0,0,0,255,1
1035,9,43,1,1,1,1,248,1
1036,6.8,40,1,1,1,1,255,0
1037,6.6,50,0,0,0,1,250,1
1038,6.5,36,0,0,0,0,247,2
1039,6.6,50,0,0,0,0,255,1
1040,6.8,45,1,1,1,0,245,0
1041,6.6,40,1,0,0,0,255,2
1042,9,43,1,1,1,1,248,1
1043,6.8,40,1,1,1,1,255,0
1044,6.6,50,0,0,0,1,250,1
1045,6.5,36,0,0,0,0,247,2
1046,6.6,38,0,0,0,0,255,2
1047,6.8,45,1,1,1,0,245,0
1048,9.5,34,1,1,0,1,255,1
1049,6.5,37,0,0,0,0,255,2
1050,6.6,37,1,1,1,1,255,0
1051,5.5,45,1,0,1,1,250,1
1052,6.5,40,1,0,0,0,250,2
1053,8.1,66,1,0,1,1,255,1
1054,6.7,45,1,1,0,0,247,2
1055,6.7,38,1,0,1,0,255,0
1056,3,40,1,1,1,1,255,1
1057,6.8,43,1,0,1,0,250,0
1058,8.6,55,0,1,1,1,255,1
